analysis,samples,Time,cond,model,poi,loglikhp,loglikhd,LRmle,log10LR,thetaHp,thetaHd,MAC,nAunknown,nAlleles,meanSumRfu,POIcontrRfu,M_x
Direct,H1H2D0,0,H2,nC=2/Stutt=0/Deg=1/DI=0.05/lam=0.01/fst=0.01,H1,-402.421943,-471.8205965,1.38E+30,30.13945223,0.607/0.393/1150/0.16/0.841,0.393/0.607/1150/0.16/0.841,H1=40/H2=40,nU=0/hU=0,64,1877.609,1139.508,0.606893128
Direct,D1D2D1,1,D2,nC=3/Stutt=0/Deg=1/DI=0.05/lam=0.01/fst=0.01,D1,-626.4874343,-691.8039088,2.33E+28,28.36658445,0.486/0.356/0.158/1530/0.148/0.711,0.353/0.497/0.15/1550/0.143/0.706,D1=41/D2=39,nU=23/hU=4335,92,2108.13,1023.772,0.485630393
Direct,G1G2D0,0,G2,nC=2/Stutt=0/Deg=1/DI=0.05/lam=0.01/fst=0.01,G1,-333.8990399,-405.3688438,1.09E+31,31.03894145,0.843/0.157/881/0.228/0.703,0.159/0.841/882/0.23/0.702,G1=39/G2=24,nU=0/hU=0,51,1172.087,987.784,0.842756553
Direct,G1A2D3,3,A2,nC=3/Stutt=0/Deg=1/DI=0.05/lam=0.01/fst=0.01,G1,-443.8503937,-506.4777687,1.58E+27,27.1987234,0.578/0.342/0.0804/855/0.256/0.746,0.337/0.593/0.07/866/0.261/0.736,G1=39/A2=38,nU=4/hU=667,67,1211.87,699.954,0.577581754
Direct,D1D2D6,6,D2,nC=3/Stutt=0/Deg=1/DI=0.05/lam=0.01/fst=0.01,D1,-490.0058535,-552.7426711,1.76E+27,27.24625371,0.346/0.568/0.0864/1120/0.188/0.738,0.557/0.343/0.0995/1120/0.191/0.738,D1=40/D2=40,nU=7/hU=1048,76,1571.13,543.644,0.346021017
Direct,G1A2D9,9,A2,nC=3/Stutt=0/Deg=1/DI=0.05/lam=0.01/fst=0.01,G1,-442.5057937,-498.7127472,2.57E+24,24.41036975,0.331/0.599/0.0692/1180/0.181/0.714,0.614/0.337/0.0494/1180/0.195/0.712,G1=38/A2=40,nU=4/hU=709,68,1613.087,534.549,0.331382622
Direct,E1E2D6,6,E2,nC=3/Stutt=0/Deg=1/DI=0.05/lam=0.01/fst=0.01,E1,-367.6520925,-410.3504522,3.50E+18,18.54366201,0.573/0.345/0.0826/940/0.223/0.478,0.356/0.569/0.0749/955/0.227/0.474,E1=35/E2=33,nU=2/hU=270,57,918.913,526.191,0.572623306
Direct,E1E2D1,1,E2,nC=3/Stutt=0/Deg=1/DI=0.05/lam=0.01/fst=0.01,E1,-322.9777182,-366.0136972,4.90E+18,18.69028818,0.641/0.247/0.112/915/0.216/0.397,0.243/0.642/0.115/916/0.216/0.399,E1=33/E2=24,nU=4/hU=482,49,796,510.329,0.641116834
Direct,G1A2D0,0,A2,nC=3/Stutt=0/Deg=1/DI=0.05/lam=0.01/fst=0.01,G1,-444.8883347,-491.598045,1.93E+20,20.28576941,0.343/0.602/0.0553/961/0.246/0.794,0.642/0.358/1.42e-09/945/0.259/0.799,G1=38/A2=40,nU=3/hU=486,67,1456.435,499.278,0.342808296
Direct,E1E2D0,0,E2,nC=3/Stutt=0/Deg=1/DI=0.05/lam=0.01/fst=0.01,E1,-572.0686338,-583.4949523,91703.74653,4.962387079,0.157/0.689/0.154/2500/0.247/0.582,0.695/0.153/0.153/2500/0.25/0.581,E1=33/E2=37,nU=17/hU=4584,74,2856.304,447.434,0.156647892
Direct,H1H2D3,3,H2,nC=3/Stutt=0/Deg=1/DI=0.05/lam=0.01/fst=0.01,H1,-518.8347617,-551.6900568,1.86E+14,14.26887336,0.278/0.567/0.155/960/0.188/0.766,0.611/0.195/0.195/960/0.214/0.768,H1=38/H2=40,nU=17/hU=2673,79,1398.391,388.891,0.278098901
Direct,E1E2D9,9,E2,nC=3/Stutt=0/Deg=1/DI=0.05/lam=0.01/fst=0.01,E1,-208.9931972,-239.9920344,2.90E+13,13.46262392,0.766/0.234/7.81e-07/609/0.282/0.339,0.223/0.777/6.51e-07/608/0.286/0.334,E1=23/E2=15,nU=0/hU=0,32,473.261,362.301,0.765541636
Direct,D1D2D0,0,D2,nC=3/Stutt=0/Deg=1/DI=0.05/lam=0.01/fst=0.01,D1,-336.8799983,-398.5953553,6.35E+26,26.80263898,0.59/0.41/1.62e-09/432/0.3/0.719,0.4/4.39e-07/0.6/435/0.313/0.712,D1=37/D2=29,nU=0/hU=0,55,562.565,331.896,0.589969159
Direct,B1B2D0,0,B2,nC=3/Stutt=0/Deg=1/DI=0.05/lam=0.01/fst=0.01,B1,-390.7810496,-436.230689,5.48E+19,19.7385276,0.288/0.712/8.42e-09/863/0.18/0.692,0.717/7.11e-07/0.283/865/0.174/0.69,B1=35/B2=40,nU=0/hU=0,64,1136.217,326.71,0.287541904
Direct,H1H2D6,6,H2,nC=3/Stutt=0/Deg=1/DI=0.05/lam=0.01/fst=0.01,H1,-331.384871,-381.2067808,4.34E+21,21.63738052,0.566/0.385/0.0493/343/0.365/0.815,0.459/8.38e-07/0.541/348/0.369/0.804,H1=38/H2=28,nU=2/hU=209,52,501.478,283.642,0.565612051
Direct,D1D2D12,12,D2,nC=3/Stutt=0/Deg=1/DI=0.05/lam=0.01/fst=0.01,D1,-636.761157,-642.2620058,244.8997171,2.388988283,0.0869/0.783/0.13/1860/0.19/0.846,0.775/0.112/0.112/1860/0.181/0.846,D1=33/D2=40,nU=24/hU=5928,86,3032.696,263.595,0.086917713
Direct,J1J2D6,6,J2,nC=2/Stutt=0/Deg=1/DI=0.05/lam=0.01/fst=0.01,J1,-394.8818789,-424.2116362,5.47E+12,12.73775175,0.181/0.819/1140/0.169/0.632,0.814/0.186/1150/0.173/0.632,J1=30/J2=38,nU=2/hU=311,62,1417.043,256.509,0.18101709
Direct,A1A2D6,6,A2,nC=3/Stutt=0/Deg=1/DI=0.05/lam=0.01/fst=0.01,A1,-372.2226951,-390.8105095,118191217.6,8.072585207,0.181/0.773/0.0454/1260/0.321/0.524,0.793/0.104/0.104/1280/0.341/0.52,A1=28/A2=36,nU=3/hU=525,52,1357.783,246.118,0.181264606
Direct,D1D2D9,9,D2,nC=3/Stutt=0/Deg=1/DI=0.05/lam=0.01/fst=0.01,D1,-468.9253514,-492.6628305,20373056369,10.30905619,0.102/0.845/0.0535/1420/0.196/0.845,0.838/0.081/0.081/1410/0.198/0.847,D1=32/D2=40,nU=7/hU=1083,68,2278.652,232.172,0.101890065
Direct,H1H2D1,1,H2,nC=3/Stutt=0/Deg=1/DI=0.05/lam=0.01/fst=0.01,H1,-400.1351835,-415.004193,2867667.506,6.457528795,0.121/0.82/0.0592/1260/0.212/0.723,0.861/0.139/1.22e-09/1240/0.218/0.725,H1=28/H2=40,nU=6/hU=734,58,1717.783,207.386,0.12072887
Direct,G1G2D1,1,G2,nC=2/Stutt=0/Deg=1/DI=0.05/lam=0.01/fst=0.01,G1,-278.9768083,-307.1757289,1.76E+12,12.24663562,0.543/0.457/319/0.402/0.667,0.382/0.618/321/0.372/0.656,G1=27/G2=24,nU=1/hU=113,43,369.826,200.643,0.542533516
Direct,J1J2D0,0,J2,nC=3/Stutt=0/Deg=1/DI=0.05/lam=0.01/fst=0.01,J1,-465.3952746,-479.1129254,906776.0159,5.957500025,0.186/0.643/0.171/786/0.217/0.724,0.617/0.191/0.191/785/0.209/0.722,J1=30/J2=38,nU=10/hU=1467,70,1064.217,198.393,0.186421566
Direct,G1A2D1,1,A2,nC=2/Stutt=0/Deg=1/DI=0.05/lam=0.01/fst=0.01,G1,-350.1322673,-372.1573212,3675863290,9.565359351,0.178/0.822/655/0.334/0.798,0.811/0.189/663/0.329/0.793,G1=27/A2=40,nU=0/hU=0,53,988.652,176.254,0.178277088
Direct,F1F2D9,9,F2,nC=2/Stutt=0/Deg=1/DI=0.05/lam=0.01/fst=0.01,F1,-596.8528095,-511.4528321,8.15E-38,-37.08873897,0.0867/0.913/1040/0.603/0.782,0.282/0.718/1310/0.186/0.751,F1=20/F2=43,nU=15/hU=8991,63,1944.913,168.628,0.086702079
Direct,B2H2D0,0,H2,nC=2/Stutt=0/Deg=1/DI=0.05/lam=0.01/fst=0.01,B2,-328.2371555,-348.2413434,487201290.4,8.68770843,0.295/0.705/407/0.322/0.729,0.67/0.33/400/0.304/0.733,B2=23/H2=38,nU=0/hU=0,53,537.13,158.445,0.294984454
Direct,A1A2D1,1,A2,nC=3/Stutt=0/Deg=1/DI=0.05/lam=0.01/fst=0.01,A1,-326.7869572,-339.86988,480663.528,5.68184117,0.259/0.567/0.173/554/0.335/0.568,0.631/0.369/4.59e-07/537/0.324/0.575,A1=24/A2=30,nU=6/hU=996,48,585,151.806,0.259497436
Direct,A1A2D0,0,A2,nC=2/Stutt=0/Deg=1/DI=0.05/lam=0.01/fst=0.01,A1,-188.2794493,-210.7069177,5497000162,9.74012575,0.535/0.465/261/0.433/0.579,0.526/0.474/275/0.496/0.542,A1=21/A2=19,nU=0/hU=0,29,251.739,134.672,0.534966771
Direct,E1E2D12,12,E2,nC=3/Stutt=0/Deg=1/DI=0.05/lam=0.01/fst=0.01,E1,-551.8546064,-548.7029862,0.042782751,-1.368731291,0.058/0.65/0.292/1400/0.217/0.791,0.628/0.28/0.0924/1410/0.175/0.783,E1=27/E2=39,nU=21/hU=7886,73,2096.696,121.699,0.058043226
Direct,G1G2D12,12,G2,nC=2/Stutt=0/Deg=1/DI=0.05/lam=0.01/fst=0.01,G1,-321.6599641,-328.8270095,1296.009734,3.112608263,0.121/0.879/714/0.253/0.732,0.866/0.134/725/0.242/0.724,G1=20/G2=40,nU=1/hU=119,49,985.087,119.472,0.121280658
Direct,B1B2D1,1,B2,nC=2/Stutt=0/Deg=1/DI=0.05/lam=0.01/fst=0.01,B1,-296.5302013,-301.1562407,102.1088466,2.00906337,0.137/0.863/742/0.247/0.559,0.86/0.14/748/0.246/0.559,B1=18/B2=35,nU=2/hU=284,44,804.043,110.538,0.137477722
Direct,I1I2D1,1,I2,nC=4/Stutt=0/Deg=1/DI=0.05/lam=0.01/fst=0.01,I1,-675.2293627,-678.3753644,23.24294575,1.366291169,0.0372/0.694/0.134/0.134/1820/0.262/0.837,0.688/0.104/0.104/0.104/1820/0.269/0.837,I1=29/I2=43,nU=29/hU=8652,87,2918.174,108.614,0.03721985
Direct,G1A2D6,6,A2,nC=2/Stutt=0/Deg=1/DI=0.05/lam=0.01/fst=0.01,G1,-183.5131028,-196.3966912,393796.0285,5.595271332,0.423/0.577/299/0.493/0.402,0.558/0.442/308/0.507/0.393,G1=16/A2=17,nU=1/hU=104,27,243.913,103.072,0.422576902
Direct,B2H2D12,12,H2,nC=2/Stutt=0/Deg=1/DI=0.05/lam=0.01/fst=0.01,B2,-314.5355603,-320.5136368,394.6804517,2.596245617,0.123/0.877/597/0.298/0.735,0.847/0.153/597/0.285/0.732,B2=15/H2=38,nU=1/hU=102,47,812.043,99.919,0.12304644
Direct,G1A2D12,12,A2,nC=2/Stutt=0/Deg=1/DI=0.05/lam=0.01/fst=0.01,G1,-241.427176,-241.6152148,1.206880429,0.081664245,0.237/0.763/374/0.364/0.505,0.681/0.319/398/0.305/0.494,G1=16/A2=26,nU=3/hU=413,36,376.043,89.305,0.237486139
Direct,B1B2D3,3,B2,nC=3/Stutt=0/Deg=1/DI=0.05/lam=0.01/fst=0.01,B1,-375.5730889,-377.6904337,8.30904534,0.919551129,0.0705/0.811/0.118/913/0.218/0.682,0.833/0.167/8.56e-11/897/0.211/0.685,B1=21/B2=40,nU=6/hU=848,56,1161.261,81.919,0.070543142
Direct,I1I2D9,9,I2,nC=3/Stutt=0/Deg=1/DI=0.05/lam=0.01/fst=0.01,I1,-383.6002629,-385.2455512,5.182503481,0.714539602,0.048/0.891/0.0613/941/0.288/0.847,0.898/0.102/3.62e-10/933/0.279/0.849,I1=21/I2=43,nU=4/hU=591,54,1508.522,72.364,0.047970132
Direct,H1H2D12,12,H2,nC=2/Stutt=0/Deg=1/DI=0.05/lam=0.01/fst=0.01,H1,-243.0505323,-245.5065221,11.65796714,1.066622827,0.123/0.877/320/0.316/0.803,0.905/0.0948/320/0.32/0.796,H1=17/H2=38,nU=0/hU=0,40,466.217,57.419,0.123159387
Direct,J1J2D9,9,J2,nC=2/Stutt=0/Deg=1/DI=0.05/lam=0.01/fst=0.01,J1,-350.7473857,-343.7872369,0.000948955,-3.02275421,0.0161/0.984/2250/0.177/0.802,0.968/0.0317/2270/0.166/0.799,J1=11/J2=38,nU=4/hU=521,45,3492.783,56.395,0.016146151
Direct,B2H2D3,3,H2,nC=2/Stutt=0/Deg=1/DI=0.05/lam=0.01/fst=0.01,B2,-259.0114838,-261.0934498,8.020221095,0.904186341,0.103/0.897/421/0.309/0.718,0.873/0.127/414/0.297/0.721,B2=10/H2=37,nU=0/hU=0,41,543.783,56.158,0.103272813
Direct,C1C2D0,0,C2,nC=2/Stutt=0/Deg=1/DI=0.05/lam=0.01/fst=0.01,C1,-303.8356227,-305.1563937,3.74630865,0.573603555,0.0228/0.977/1780/0.206/0.559,0.976/0.0235/1780/0.204/0.559,C1=15/C2=41,nU=0/hU=0,43,2024.13,46.158,0.022803871
Direct2,O1S1D18,18,S1,nC=2/Stutt=0/Deg=1/DI=0.05/lam=0.01/fst=0.01,O1,-183.0283816,-185.8139692,16.20933954,1.20976532,0.124/0.876/347/0.385/0.537,0.902/0.0975/337/0.408/0.549,O1=15/S1=26,nU=0/hU=0,28,329.957,40.89,0.123925239
Direct,A1A2D3,3,A2,nC=2/Stutt=0/Deg=1/DI=0.05/lam=0.01/fst=0.01,A1,-214.3817114,-216.8707763,12.05000338,1.080987169,0.102/0.898/295/0.344/0.741,0.945/0.0546/288/0.365/0.748,A1=16/A2=34,nU=0/hU=0,35,386.957,39.425,0.101884706
Direct,G1G2D3,3,G2,nC=2/Stutt=0/Deg=1/DI=0.05/lam=0.01/fst=0.01,G1,-186.1305649,-189.4734753,28.30137636,1.451807557,0.128/0.872/269/0.376/0.571,0.869/0.131/274/0.376/0.563,G1=12/G2=28,nU=0/hU=0,30,273.261,35.101,0.128452286
Direct,G1G2D9,9,G2,nC=3/Stutt=0/Deg=1/DI=0.05/lam=0.01/fst=0.01,G1,-429.8632669,-431.373869,4.529457123,0.656046153,0.0152/0.086/0.899/1680/0.164/0.654,0.0857/0.898/0.0166/1680/0.164/0.654,G1=16/G2=26,nU=21/hU=20621,53,2101,31.968,0.015215612
Direct,B2H2D9,9,H2,nC=2/Stutt=0/Deg=1/DI=0.05/lam=0.01/fst=0.01,B2,-232.3536038,-231.9225566,0.649828235,-0.187201423,0.0629/0.937/376/0.327/0.685,0.926/0.074/370/0.308/0.688,B2=7/H2=35,nU=0/hU=0,37,468.217,29.436,0.062868285
Direct,D1D2D3,3,D2,nC=3/Stutt=0/Deg=1/DI=0.05/lam=0.01/fst=0.01,D1,-296.892245,-298.462903,4.809812069,0.682128108,0.0449/0.862/0.0926/495/0.348/0.704,0.864/0.0678/0.0678/494/0.355/0.705,D1=13/D2=38,nU=4/hU=588,44,637,28.592,0.0448854
Direct2,C2P1D24,24,P1,nC=2/Stutt=0/Deg=1/DI=0.05/lam=0.01/fst=0.01,C2,-324.3909509,-324.8564138,1.592751234,0.20214795,0.00989/0.99/2030/0.205/0.619,0.993/0.00733/2020/0.204/0.619,C2=15/P1=44,nU=0/hU=0,45,2463.348,24.366,0.009891416
Direct,B1B2D12,12,B2,nC=2/Stutt=0/Deg=1/DI=0.05/lam=0.01/fst=0.01,B1,-150.8607443,-150.8589991,0.99825628,-0.000757949,0.104/0.896/256/0.316/0.519,0.897/0.103/254/0.311/0.52,B1=6/B2=24,nU=0/hU=0,25,227.913,23.597,0.103535121
Direct,F1F2D12,12,F2,nC=2/Stutt=0/Deg=1/DI=0.05/lam=0.01/fst=0.01,F1,-102.6117135,-104.296951,5.393732011,0.731889365,0.263/0.737/91.7/0.931/0.755,0.82/0.18/89.9/0.949/0.748,F1=8/F2=12,nU=0/hU=0,14,86.652,22.816,0.263306098
Direct,F1F2D0,0,F2,nC=3/Stutt=0/Deg=1/DI=0.05/lam=0.01/fst=0.01,F1,-426.2718422,-426.8303007,1.747975963,0.242535456,0.0277/0.614/0.358/570/0.326/0.76,0.639/0.361/1.84e-08/564/0.326/0.763,F1=19/F2=40,nU=15/hU=3370,60,798.565,22.091,0.027663371
Direct,H1H2D9,9,H2,nC=2/Stutt=0/Deg=1/DI=0.05/lam=0.01/fst=0.01,H1,-258.6262138,-258.6949507,1.071154374,0.029852065,0.0151/0.985/505/0.304/0.891,1/4.4e-09/502/0.309/0.891,H1=16/H2=40,nU=0/hU=0,40,873.652,13.216,0.015127305
Direct,B2H2D1,1,H2,nC=2/Stutt=0/Deg=1/DI=0.05/lam=0.01/fst=0.01,B2,-129.8948445,-128.9230292,0.378395514,-0.422054021,0.0666/0.933/232/0.418/0.507,1/6.66e-08/213/0.359/0.537,B2=6/H2=19,nU=0/hU=0,20,191,12.72,0.066596859
Direct,J1J2D3,3,J2,nC=3/Stutt=0/Deg=1/DI=0.05/lam=0.01/fst=0.01,J1,-343.0671215,-342.9446657,0.884745012,-0.053181877,0.0146/0.766/0.219/674/0.24/0.647,0.77/0.23/3.57e-08/671/0.239/0.648,J1=17/J2=37,nU=5/hU=627,51,821.739,11.998,0.014600743
Direct,F1F2D3,3,F2,nC=2/Stutt=0/Deg=1/DI=0.05/lam=0.01/fst=0.01,F1,-60.11834038,-61.18724774,2.912195758,0.464220565,0.177/0.823/76.3/0.939/0.573,0.887/0.113/73.8/0.952/0.579,F1=4/F2=7,nU=0/hU=0,8,44.609,7.883,0.176713219
Direct,B1B2D6,6,B2,nC=2/Stutt=0/Deg=1/DI=0.05/lam=0.01/fst=0.01,B1,-255.7227506,-255.7326119,1.009910123,0.004282725,0.00477/0.995/707/0.246/0.705,1/9.1e-08/705/0.248/0.705,B1=11/B2=40,nU=0/hU=0,40,959.435,4.577,0.004770516
Direct,A1A2D12,12,A2,nC=2/Stutt=0/Deg=1/DI=0.05/lam=0.01/fst=0.01,A1,-110.7197982,-110.9486296,1.257130082,0.099380219,1.05e-09/1/120/0.69/0.656,1/9.42e-08/120/0.69/0.656,A1=7/A2=15,nU=1/hU=158,16,120.739,0,0
Direct,I1I2D6,6,I2,nC=3/Stutt=0/Deg=1/DI=0.05/lam=0.01/fst=0.01,I1,-436.024848,-436.0624154,1.03828196,0.016315308,4.71e-10/0.83/0.17/1090/0.208/0.797,0.83/0.17/3.63e-08/1090/0.208/0.797,I1=19/I2=43,nU=13/hU=2639,61,1654,0,0
Direct,B2H2D6,6,H2,nC=3/Stutt=0/Deg=1/DI=0.05/lam=0.01/fst=0.01,B2,-163.4846043,-163.5166625,1.032577584,0.013922693,1.71e-08/0.804/0.196/383/0.533/0.397,0.804/0.196/1.3e-09/383/0.533/0.397,B2=4/H2=18,nU=3/hU=348,22,299.391,0,0
Direct,I1I2D12,12,I2,nC=4/Stutt=0/Deg=1/DI=0.05/lam=0.01/fst=0.01,I1,-535.0796686,-535.0956533,1.01611314,0.006942068,5.59e-10/0.726/0.137/0.137/706/0.271/0.711,0.713/0.0956/0.0956/0.0956/718/0.291/0.706,I1=19/I2=43,nU=19/hU=2797,67,935.304,0,0
Direct,C1C2D6,6,C2,nC=2/Stutt=0/Deg=1/DI=0.05/lam=0.01/fst=0.01,C1,-302.9765573,-302.976563,1.000005726,2.49E-06,4.27e-09/1/1000/0.573/0.644,1/1.45e-07/1000/0.573/0.644,C1=13/C2=41,nU=0/hU=0,41,1273.826,0,0
Direct2,A2R1D18,18,R1,nC=2/Stutt=0/Deg=1/DI=0.05/lam=0.01/fst=0.01,A2,-90.11678245,-90.11678451,1.000002065,8.97E-07,5.26e-09/1/152/0.499/0.448,1/2.65e-07/152/0.499/0.448,A2=5/R1=14,nU=0/hU=0,14,109.087,0,0
Direct2,R1A2D24,24,A2,nC=2/Stutt=0/Deg=1/DI=0.05/lam=0.01/fst=0.01,R1,-39.59504493,-39.59504592,1.000000994,4.32E-07,5.98e-07/1/74/0.714/0.349,1/6.73e-07/74/0.714/0.349,R1=2/A2=6,nU=0/hU=0,6,34.739,0,0
Direct2,S1O1D18,18,O1,nC=2/Stutt=0/Deg=1/DI=0.05/lam=0.01/fst=0.01,S1,-117.2904671,-117.2904673,1.000000257,1.11E-07,2.09e-08/1/244/0.459/0.449,1/4.15e-08/244/0.459/0.449,S1=4/O1=22,nU=0/hU=0,18,207.043,0,0
Direct2,O1S1D24,24,S1,nC=2/Stutt=0/Deg=1/DI=0.05/lam=0.01/fst=0.01,O1,-121.7404519,-121.7404521,1.000000144,6.25E-08,2.2e-14/1/142/0.449/0.655,1/9.48e-09/142/0.449/0.655,O1=9/S1=20,nU=0/hU=0,20,138.87,0,0
Direct,C1C2D1,1,C2,nC=2/Stutt=0/Deg=1/DI=0.05/lam=0.01/fst=0.01,C1,-277.5425247,-277.5425249,1.000000126,5.45E-08,5.62e-09/1/1480/0.176/0.642,1/3.3e-08/1480/0.176/0.642,C1=13/C2=41,nU=0/hU=0,41,1884.826,0,0
Direct,C1C2D12,12,C2,nC=2/Stutt=0/Deg=1/DI=0.05/lam=0.01/fst=0.01,C1,-284.6582752,-284.6582753,1.000000032,1.38E-08,2.85e-10/1/2220/0.135/0.659,1/1.65e-09/2220/0.135/0.659,C1=13/C2=41,nU=0/hU=0,41,2885.783,0,0
Direct,I1I2D3,3,I2,nC=2/Stutt=0/Deg=1/DI=0.05/lam=0.01/fst=0.01,I1,-298.4249514,-298.4249514,1,3.89E-11,2.36e-12/1/1610/0.183/0.714,1/5.47e-12/1610/0.183/0.714,I1=14/I2=43,nU=0/hU=0,43,2233.652,0,0
Direct,F1F2D1,1,F2,nC=2/Stutt=0/Deg=1/DI=0.05/lam=0.01/fst=0.01,F1,NA,NA,1,0,NA,NA,F1=0/F2=1,nU=0/hU=0,1,4.609,0,0
Direct,F1F2D6,6,F2,nC=2/Stutt=0/Deg=1/DI=0.05/lam=0.01/fst=0.01,F1,NA,NA,1,0,NA,NA,F1=0/F2=1,nU=0/hU=0,1,4.565,0,0
Direct,G1G2D6,6,G2,nC=2/Stutt=0/Deg=1/DI=0.05/lam=0.01/fst=0.01,G1,NA,NA,1,0,NA,NA,G1=1/G2=4,nU=0/hU=0,4,27.348,0,0
Direct,A1A2D9,9,A2,nC=2/Stutt=0/Deg=1/DI=0.05/lam=0.01/fst=0.01,A1,NA,NA,1,0,NA,NA,A1=3/A2=3,nU=0/hU=0,3,15.783,0,0
Direct2,Q1E2D18,18,E2,nC=2/Stutt=0/Deg=1/DI=0.05/lam=0.01/fst=0.01,Q1,NA,NA,1,0,NA,NA,Q1=2/E2=4,nU=0/hU=0,4,26.826,0,0
Direct2,R1A2D18,18,A2,nC=2/Stutt=0/Deg=1/DI=0.05/lam=0.01/fst=0.01,R1,NA,NA,1,0,NA,NA,R1=3/A2=3,nU=0/hU=0,4,25.87,0,0
Direct2,C2P1D18,18,P1,nC=2/Stutt=0/Deg=1/DI=0.05/lam=0.01/fst=0.01,C2,NA,NA,1,0,NA,NA,C2=1/P1=2,nU=0/hU=0,2,9.478,0,0
Direct2,E2Q1D18,18,Q1,nC=2/Stutt=0/Deg=1/DI=0.05/lam=0.01/fst=0.01,E2,NA,NA,1,0,NA,NA,E2=1/Q1=2,nU=1/hU=105,3,15.217,0,0
Direct2,E2Q1D24,24,Q1,nC=2/Stutt=0/Deg=1/DI=0.05/lam=0.01/fst=0.01,E2,NA,NA,1,0,NA,NA,E2=1/Q1=2,nU=0/hU=0,2,12.261,0,0
Direct2,S1O1D24,24,O1,nC=2/Stutt=0/Deg=1/DI=0.05/lam=0.01/fst=0.01,S1,-129.3715163,-129.3715138,0.999997451,-1.11E-06,2.42e-07/1/192/0.502/0.57,1/8.32e-08/192/0.502/0.57,S1=5/O1=24,nU=0/hU=0,20,181.261,0,0
Direct,C1C2D3,3,C2,nC=2/Stutt=0/Deg=1/DI=0.05/lam=0.01/fst=0.01,C1,-289.4507875,-289.4507839,0.999996343,-1.59E-06,6.41e-08/1/2010/0.16/0.717,1/1.81e-11/2010/0.16/0.717,C1=13/C2=41,nU=0/hU=0,41,2802.565,0,0
Direct2,P1C2D24,24,C2,nC=2/Stutt=0/Deg=1/DI=0.05/lam=0.01/fst=0.01,P1,-298.7875973,-298.7875903,0.999993049,-3.02E-06,9.11e-08/1/1300/0.291/0.812,1/7.37e-10/1300/0.291/0.812,P1=14/C2=41,nU=0/hU=0,41,2052.435,0,0
Direct,C1C2D9,9,C2,nC=2/Stutt=0/Deg=1/DI=0.05/lam=0.01/fst=0.01,C1,-287.5815003,-287.5814923,0.999991953,-3.49E-06,1.86e-07/1/1190/0.258/0.742,1/2.38e-14/1190/0.258/0.742,C1=13/C2=41,nU=0/hU=0,41,1719.609,0,0
Direct,B1B2D9,9,B2,nC=3/Stutt=0/Deg=1/DI=0.05/lam=0.01/fst=0.01,B1,-271.8860331,-271.8573057,0.971681329,-0.012476142,5.44e-10/0.848/0.152/717/0.195/0.507,0.848/0.152/3.27e-07/716/0.195/0.507,B1=11/B2=33,nU=5/hU=632,42,713.043,0,0
Direct,I1I2D0,0,I2,nC=3/Stutt=0/Deg=1/DI=0.05/lam=0.01/fst=0.01,I1,-367.8174959,-367.7819804,0.965107841,-0.015424156,8.11e-10/0.931/0.069/1310/0.156/0.878,0.931/0.0689/3.07e-08/1310/0.156/0.878,I1=18/I2=43,nU=6/hU=869,53,2198.696,0,0
Direct2,Q1E2D24,24,E2,nC=3/Stutt=0/Deg=1/DI=0.05/lam=0.01/fst=0.01,Q1,-321.4148241,-321.3775421,0.963404464,-0.016191346,1.16e-08/0.751/0.249/485/0.403/0.698,0.751/0.249/1.43e-07/485/0.403/0.698,Q1=18/E2=36,nU=8/hU=1428,46,613.435,0,0
Direct2,P1C2D18,18,C2,nC=3/Stutt=0/Deg=1/DI=0.05/lam=0.01/fst=0.01,P1,-302.3589726,-302.2851473,0.928833948,-0.03206192,1.38e-09/0.969/0.0305/1360/0.203/0.742,0.97/0.0296/1.65e-07/1360/0.203/0.742,P1=15/C2=41,nU=1/hU=120,43,1940.348,0,0
Direct2,A2R1D24,24,R1,nC=3/Stutt=0/Deg=1/DI=0.05/lam=0.01/fst=0.01,A2,-119.1414034,-119.055736,0.917899466,-0.037204883,1.27e-08/1/7.72e-10/210/0.49/0.419,1/1.1e-07/1.95e-08/209/0.484/0.416,A2=5/R1=16,nU=1/hU=110,18,169.391,0,0
Direct,E1E2D3,3,E2,nC=3/Stutt=0/Deg=1/DI=0.05/lam=0.01/fst=0.01,E1,-341.2139773,-341.0747613,0.870040064,-0.060460748,2.18e-08/0.903/0.0973/766/0.296/0.904,0.904/0.0963/1.45e-09/764/0.295/0.904,E1=18/E2=39,nU=5/hU=641,48,1318.739,0,0
Direct,J1J2D1,1,J2,nC=3/Stutt=0/Deg=1/DI=0.05/lam=0.01/fst=0.01,J1,-387.1139737,-386.8002536,0.730723541,-0.136246901,1.11e-12/0.799/0.201/756/0.197/0.747,0.8/0.2/5.41e-08/755/0.197/0.746,J1=20/J2=38,nU=7/hU=944,57,1063.174,0,0
Direct,J1J2D12,12,J2,nC=3/Stutt=0/Deg=1/DI=0.05/lam=0.01/fst=0.01,J1,-295.2404861,-294.900432,0.711731781,-0.147683641,6.42e-11/0.851/0.149/712/0.213/0.603,0.853/0.147/2e-10/711/0.211/0.602,J1=10/J2=36,nU=5/hU=580,45,818.522,0,0
